Sukabumi,Bandung,96
Bandung,Sukabumi,96
Tasikmalaya,Bandung,106
Bandung,Tasikmalaya,106
Bogor,Bandung,126
Bandung,Bogor,126
Cirebon,Bandung,130
Bandung,Cirebon,130
Jakarta,Bandung,180
Bandung,Jakarta,180
Tegal,Bandung,202
Bandung,Tegal,202
Serang,Bandung,258
Bandung,Serang,258
Cilacap,Bandung,259
Bandung,Cilacap,259
Pekalongan,Bandung,266
Bandung,Pekalongan,266
Wonosobo,Bandung,339
Bandung,Wonosobo,339
Purworejo,Bandung,362
Bandung,Purworejo,362
Semarang,Bandung,367
Bandung,Semarang,367
Magelang,Bandung,403
Bandung,Magelang,403
Yogyakarta,Bandung,428
Bandung,Yogyakarta,428
Solo,Bandung,467
Bandung,Solo,467
Rembang,Bandung,476
Bandung,Rembang,476
Madiun,Bandung,581
Bandung,Madiun,581
Kediri,Bandung,662
Bandung,Kediri,662
Surabaya,Bandung,675
Bandung,Surabaya,675
Malang,Bandung,764
Bandung,Malang,764
Probolinggo,Bandung,774
Bandung,Probolinggo,774
Bondowoso,Bandung,869
Bandung,Bondowoso,869
Jember,Bandung,873
Bandung,Jember,873
Banyuwangi,Bandung,963
Bandung,Banyuwangi,963
Tasikmalaya,Sukabumi,202
Sukabumi,Tasikmalaya,202
Bogor,Sukabumi,61
Sukabumi,Bogor,61
Cirebon,Sukabumi,226
Sukabumi,Cirebon,226
Jakarta,Sukabumi,115
Sukabumi,Jakarta,115
Tegal,Sukabumi,298
Sukabumi,Tegal,298
Serang,Sukabumi,203
Sukabumi,Serang,203
Cilacap,Sukabumi,355
Sukabumi,Cilacap,355
Pekalongan,Sukabumi,362
Sukabumi,Pekalongan,362
Wonosobo,Sukabumi,435
Sukabumi,Wonosobo,435
Purworejo,Sukabumi,458
Sukabumi,Purworejo,458
Semarang,Sukabumi,463
Sukabumi,Semarang,463
Magelang,Sukabumi,500
Sukabumi,Magelang,500
Yogyakarta,Sukabumi,524
Sukabumi,Yogyakarta,524
Solo,Sukabumi,563
Sukabumi,Solo,563
Rembang,Sukabumi,572
Sukabumi,Rembang,572
Madiun,Sukabumi,677
Sukabumi,Madiun,677
Kediri,Sukabumi,758
Sukabumi,Kediri,758
Surabaya,Sukabumi,771
Sukabumi,Surabaya,771
Malang,Sukabumi,860
Sukabumi,Malang,860
Probolinggo,Sukabumi,870
Sukabumi,Probolinggo,870
Bondowoso,Sukabumi,965
Sukabumi,Bondowoso,965
Jember,Sukabumi,969
Sukabumi,Jember,969
Banyuwangi,Sukabumi,1060
Sukabumi,Banyuwangi,1060
Bogor,Tasikmalaya,232
Tasikmalaya,Bogor,232
Cirebon,Tasikmalaya,121
Tasikmalaya,Cirebon,121
Jakarta,Tasikmalaya,275
Tasikmalaya,Jakarta,275
Tegal,Tasikmalaya,195
Tasikmalaya,Tegal,195
Serang,Tasikmalaya,364
Tasikmalaya,Serang,364
Cilacap,Tasikmalaya,153
Tasikmalaya,Cilacap,153
Pekalongan,Tasikmalaya,257
Tasikmalaya,Pekalongan,257
Wonosobo,Tasikmalaya,233
Tasikmalaya,Wonosobo,233
Purworejo,Tasikmalaya,256
Tasikmalaya,Purworejo,256
Semarang,Tasikmalaya,358
Tasikmalaya,Semarang,358
Magelang,Tasikmalaya,297
Tasikmalaya,Magelang,297
Yogyakarta,Tasikmalaya,322
Tasikmalaya,Yogyakarta,322
Solo,Tasikmalaya,387
Tasikmalaya,Solo,387
Rembang,Tasikmalaya,467
Tasikmalaya,Rembang,467
Madiun,Tasikmalaya,501
Tasikmalaya,Madiun,501
Kediri,Tasikmalaya,562
Tasikmalaya,Kediri,562
Surabaya,Tasikmalaya,849
Tasikmalaya,Surabaya,849
Malang,Tasikmalaya,682
Tasikmalaya,Malang,682
Probolinggo,Tasikmalaya,702
Tasikmalaya,Probolinggo,702
Bondowoso,Tasikmalaya,796
Tasikmalaya,Bondowoso,796
Jember,Tasikmalaya,801
Tasikmalaya,Jember,801
Banyuwangi,Tasikmalaya,893
Tasikmalaya,Banyuwangi,893
Cirebon,Bogor,256
Bogor,Cirebon,256
Jakarta,Bogor,54
Bogor,Jakarta,54
Tegal,Bogor,328
Bogor,Tegal,328
Serang,Bogor,143
Bogor,Serang,143
Cilacap,Bogor,385
Bogor,Cilacap,385
Pekalongan,Bogor,392
Bogor,Pekalongan,392
Wonosobo,Bogor,465
Bogor,Wonosobo,465
Purworejo,Bogor,488
Bogor,Purworejo,488
Semarang,Bogor,493
Bogor,Semarang,493
Magelang,Bogor,530
Bogor,Magelang,530
Yogyakarta,Bogor,554
Bogor,Yogyakarta,554
Solo,Bogor,593
Bogor,Solo,593
Rembang,Bogor,602
Bogor,Rembang,602
Madiun,Bogor,707
Bogor,Madiun,707
Kediri,Bogor,788
Bogor,Kediri,788
Surabaya,Bogor,801
Bogor,Surabaya,801
Malang,Bogor,890
Bogor,Malang,890
Probolinggo,Bogor,900
Bogor,Probolinggo,900
Bondowoso,Bogor,993
Bogor,Bondowoso,993
Jember,Bogor,999
Bogor,Jember,999
Banyuwangi,Bogor,1090
Bogor,Banyuwangi,1090
Jakarta,Cirebon,248
Cirebon,Jakarta,248
Tegal,Cirebon,72
Cirebon,Tegal,72
Serang,Cirebon,337
Cirebon,Serang,337
Cilacap,Cirebon,203
Cirebon,Cilacap,203
Pekalongan,Cirebon,136
Cirebon,Pekalongan,136
Wonosobo,Cirebon,233
Cirebon,Wonosobo,233
Purworejo,Cirebon,256
Cirebon,Purworejo,256
Semarang,Cirebon,237
Cirebon,Semarang,237
Magelang,Cirebon,274
Cirebon,Magelang,274
Yogyakarta,Cirebon,317
Cirebon,Yogyakarta,317
Solo,Cirebon,337
Cirebon,Solo,337
Rembang,Cirebon,346
Cirebon,Rembang,346
Madiun,Cirebon,451
Cirebon,Madiun,451
Kediri,Cirebon,532
Cirebon,Kediri,532
Surabaya,Cirebon,545
Cirebon,Surabaya,545
Malang,Cirebon,634
Cirebon,Malang,634
Probolinggo,Cirebon,644
Cirebon,Probolinggo,644
Bondowoso,Cirebon,739
Cirebon,Bondowoso,739
Jember,Cirebon,743
Cirebon,Jember,743
Banyuwangi,Cirebon,834
Cirebon,Banyuwangi,834
Tegal,Jakarta,320
Jakarta,Tegal,320
Serang,Jakarta,189
Jakarta,Serang,189
Cilacap,Jakarta,428
Jakarta,Cilacap,428
Pekalongan,Jakarta,384
Jakarta,Pekalongan,384
Wonosobo,Jakarta,481
Jakarta,Wonosobo,481
Purworejo,Jakarta,504
Jakarta,Purworejo,504
Semarang,Jakarta,485
Jakarta,Semarang,485
Magelang,Jakarta,522
Jakarta,Magelang,522
Yogyakarta,Jakarta,565
Jakarta,Yogyakarta,565
Solo,Jakarta,585
Jakarta,Solo,585
Rembang,Jakarta,594
Jakarta,Rembang,594
Madiun,Jakarta,699
Jakarta,Madiun,699
Kediri,Jakarta,780
Jakarta,Kediri,780
Surabaya,Jakarta,793
Jakarta,Surabaya,793
Malang,Jakarta,882
Jakarta,Malang,882
Probolinggo,Jakarta,892
Jakarta,Probolinggo,892
Bondowoso,Jakarta,985
Jakarta,Bondowoso,985
Jember,Jakarta,991
Jakarta,Jember,991
Banyuwangi,Jakarta,1082
Jakarta,Banyuwangi,1082
Serang,Tegal,409
Tegal,Serang,409
Cilacap,Tegal,131
Tegal,Cilacap,131
Pekalongan,Tegal,64
Tegal,Pekalongan,64
Wonosobo,Tegal,197
Tegal,Wonosobo,197
Purworejo,Tegal,223
Tegal,Purworejo,223
Semarang,Tegal,165
Tegal,Semarang,165
Magelang,Tegal,202
Tegal,Magelang,202
Yogyakarta,Tegal,245
Tegal,Yogyakarta,245
Solo,Tegal,265
Tegal,Solo,265
Rembang,Tegal,274
Tegal,Rembang,274
Madiun,Tegal,379
Tegal,Madiun,379
Kediri,Tegal,460
Tegal,Kediri,460
Surabaya,Tegal,473
Tegal,Surabaya,473
Malang,Tegal,562
Tegal,Malang,562
Probolinggo,Tegal,572
Tegal,Probolinggo,572
Bondowoso,Tegal,665
Tegal,Bondowoso,665
Jember,Tegal,671
Tegal,Jember,671
Banyuwangi,Tegal,762
Tegal,Banyuwangi,762
Cilacap,Serang,517
Serang,Cilacap,517
Pekalongan,Serang,473
Serang,Pekalongan,473
Wonosobo,Serang,570
Serang,Wonosobo,570
Purworejo,Serang,593
Serang,Purworejo,593
Semarang,Serang,574
Serang,Semarang,574
Magelang,Serang,611
Serang,Magelang,611
Yogyakarta,Serang,654
Serang,Yogyakarta,654
Solo,Serang,674
Serang,Solo,674
Rembang,Serang,683
Serang,Rembang,683
Madiun,Serang,788
Serang,Madiun,788
Kediri,Serang,869
Serang,Kediri,869
Surabaya,Serang,882
Serang,Surabaya,882
Malang,Serang,971
Serang,Malang,971
Probolinggo,Serang,981
Serang,Probolinggo,981
Bondowoso,Serang,1074
Serang,Bondowoso,1074
Jember,Serang,1080
Serang,Jember,1080
Banyuwangi,Serang,1117
Serang,Banyuwangi,1117
Pekalongan,Cilacap,495
Cilacap,Pekalongan,495
Wonosobo,Cilacap,127
Cilacap,Wonosobo,127
Purworejo,Cilacap,131
Cilacap,Purworejo,131
Semarang,Cilacap,246
Cilacap,Semarang,246
Magelang,Cilacap,174
Cilacap,Magelang,174
Yogyakarta,Cilacap,197
Cilacap,Yogyakarta,197
Solo,Cilacap,262
Cilacap,Solo,262
Rembang,Cilacap,355
Cilacap,Rembang,355
Madiun,Cilacap,375
Cilacap,Madiun,375
Kediri,Cilacap,437
Cilacap,Kediri,437
Surabaya,Cilacap,523
Cilacap,Surabaya,523
Malang,Cilacap,560
Cilacap,Malang,560
Probolinggo,Cilacap,598
Cilacap,Probolinggo,598
Bondowoso,Cilacap,671
Cilacap,Bondowoso,671
Jember,Cilacap,695
Cilacap,Jember,695
Banyuwangi,Cilacap,768
Cilacap,Banyuwangi,768
Wonosobo,Pekalongan,134
Pekalongan,Wonosobo,134
Purworejo,Pekalongan,170
Pekalongan,Purworejo,170
Semarang,Pekalongan,101
Pekalongan,Semarang,101
Magelang,Pekalongan,138
Pekalongan,Magelang,138
Yogyakarta,Pekalongan,181
Pekalongan,Yogyakarta,181
Solo,Pekalongan,201
Pekalongan,Solo,201
Rembang,Pekalongan,210
Pekalongan,Rembang,210
Madiun,Pekalongan,315
Pekalongan,Madiun,315
Kediri,Pekalongan,378
Pekalongan,Kediri,378
Surabaya,Pekalongan,409
Pekalongan,Surabaya,409
Malang,Pekalongan,499
Pekalongan,Malang,499
Probolinggo,Pekalongan,508
Pekalongan,Probolinggo,508
Bondowoso,Pekalongan,601
Pekalongan,Bondowoso,601
Jember,Pekalongan,607
Pekalongan,Jember,607
Banyuwangi,Pekalongan,698
Pekalongan,Banyuwangi,698
Purworejo,Wonosobo,54
Wonosobo,Purworejo,54
Semarang,Wonosobo,119
Wonosobo,Semarang,119
Magelang,Wonosobo,64
Wonosobo,Magelang,64
Yogyakarta,Wonosobo,107
Wonosobo,Yogyakarta,107
Solo,Wonosobo,151
Wonosobo,Solo,151
Rembang,Wonosobo,228
Wonosobo,Rembang,228
Madiun,Wonosobo,265
Wonosobo,Madiun,265
Kediri,Wonosobo,326
Wonosobo,Kediri,326
Surabaya,Wonosobo,434
Wonosobo,Surabaya,434
Malang,Wonosobo,449
Wonosobo,Malang,449
Probolinggo,Wonosobo,487
Wonosobo,Probolinggo,487
Bondowoso,Wonosobo,560
Wonosobo,Bondowoso,560
Jember,Wonosobo,565
Wonosobo,Jember,565
Banyuwangi,Wonosobo,678
Wonosobo,Banyuwangi,678
Semarang,Purworejo,119
Purworejo,Semarang,119
Magelang,Purworejo,44
Purworejo,Magelang,44
Yogyakarta,Purworejo,66
Purworejo,Yogyakarta,66
Solo,Purworejo,131
Purworejo,Solo,131
Rembang,Purworejo,228
Purworejo,Rembang,228
Madiun,Purworejo,245
Purworejo,Madiun,245
Kediri,Purworejo,306
Purworejo,Kediri,306
Surabaya,Purworejo,393
Purworejo,Surabaya,393
Malang,Purworejo,429
Purworejo,Malang,429
Probolinggo,Purworejo,445
Purworejo,Probolinggo,445
Bondowoso,Purworejo,540
Purworejo,Bondowoso,540
Jember,Purworejo,454
Purworejo,Jember,454
Banyuwangi,Purworejo,637
Purworejo,Banyuwangi,637
Magelang,Semarang,75
Semarang,Magelang,75
Yogyakarta,Semarang,118
Semarang,Yogyakarta,118
Solo,Semarang,100
Semarang,Solo,100
Rembang,Semarang,109
Semarang,Rembang,109
Madiun,Semarang,214
Semarang,Madiun,214
Kediri,Semarang,295
Semarang,Kediri,295
Surabaya,Semarang,308
Semarang,Surabaya,308
Malang,Semarang,397
Semarang,Malang,397
Probolinggo,Semarang,408
Semarang,Probolinggo,408
Bondowoso,Semarang,500
Semarang,Bondowoso,500
Jember,Semarang,506
Semarang,Jember,506
Banyuwangi,Semarang,597
Semarang,Banyuwangi,597
Yogyakarta,Magelang,432
Magelang,Yogyakarta,432
Solo,Magelang,108
Magelang,Solo,108
Rembang,Magelang,184
Magelang,Rembang,184
Madiun,Magelang,221
Magelang,Madiun,221
Kediri,Magelang,83
Magelang,Kediri,83
Surabaya,Magelang,370
Magelang,Surabaya,370
Malang,Magelang,406
Magelang,Malang,406
Probolinggo,Magelang,443
Magelang,Probolinggo,443
Bondowoso,Magelang,517
Magelang,Bondowoso,517
Jember,Magelang,522
Magelang,Jember,522
Banyuwangi,Magelang,633
Magelang,Banyuwangi,633
Solo,Yogyakarta,65
Yogyakarta,Solo,65
Rembang,Yogyakarta,212
Yogyakarta,Rembang,212
Madiun,Yogyakarta,179
Yogyakarta,Madiun,179
Kediri,Yogyakarta,240
Yogyakarta,Kediri,240
Surabaya,Yogyakarta,427
Yogyakarta,Surabaya,427
Malang,Yogyakarta,363
Yogyakarta,Malang,363
Probolinggo,Yogyakarta,381
Yogyakarta,Probolinggo,381
Bondowoso,Yogyakarta,474
Yogyakarta,Bondowoso,474
Jember,Yogyakarta,479
Yogyakarta,Jember,479
Banyuwangi,Yogyakarta,571
Yogyakarta,Banyuwangi,571
Rembang,Solo,147
Solo,Rembang,147
Madiun,Solo,114
Solo,Madiun,114
Kediri,Solo,175
Solo,Kediri,175
Surabaya,Solo,282
Solo,Surabaya,282
Malang,Solo,298
Solo,Malang,298
Probolinggo,Solo,316
Solo,Probolinggo,316
Bondowoso,Solo,409
Solo,Bondowoso,409
Jember,Solo,414
Solo,Jember,414
Banyuwangi,Solo,506
Solo,Banyuwangi,506
Madiun,Rembang,145
Rembang,Madiun,145
Kediri,Rembang,206
Rembang,Kediri,206
Surabaya,Rembang,201
Rembang,Surabaya,201
Malang,Rembang,275
Rembang,Malang,275
Probolinggo,Rembang,300
Rembang,Probolinggo,300
Bondowoso,Rembang,393
Rembang,Bondowoso,393
Jember,Rembang,399
Rembang,Jember,399
Banyuwangi,Rembang,490
Rembang,Banyuwangi,490
Kediri,Madiun,81
Madiun,Kediri,81
Surabaya,Madiun,169
Madiun,Surabaya,169
Malang,Madiun,184
Madiun,Malang,184
Probolinggo,Madiun,222
Madiun,Probolinggo,222
Bondowoso,Madiun,315
Madiun,Bondowoso,315
Jember,Madiun,320
Madiun,Jember,320
Banyuwangi,Madiun,412
Madiun,Banyuwangi,412
Surabaya,Kediri,124
Kediri,Surabaya,124
Malang,Kediri,103
Kediri,Malang,103
Probolinggo,Kediri,177
Kediri,Probolinggo,177
Bondowoso,Kediri,270
Kediri,Bondowoso,270
Jember,Kediri,275
Kediri,Jember,275
Banyuwangi,Kediri,367
Kediri,Banyuwangi,367
Malang,Surabaya,89
Surabaya,Malang,89
Probolinggo,Surabaya,99
Surabaya,Probolinggo,99
Bondowoso,Surabaya,192
Surabaya,Bondowoso,192
Jember,Surabaya,198
Surabaya,Jember,198
Banyuwangi,Surabaya,289
Surabaya,Banyuwangi,289
Probolinggo,Malang,91
Malang,Probolinggo,91
Bondowoso,Malang,184
Malang,Bondowoso,184
Jember,Malang,185
Malang,Jember,185
Banyuwangi,Malang,281
Malang,Banyuwangi,281
Bondowoso,Probolinggo,93
Probolinggo,Bondowoso,93
Jember,Probolinggo,99
Probolinggo,Jember,99
Banyuwangi,Probolinggo,190
Probolinggo,Banyuwangi,190
Jember,Bondowoso,31
Bondowoso,Jember,31
Banyuwangi,Bondowoso,128
Bondowoso,Banyuwangi,128
Banyuwangi,Jember,104
Jember,Banyuwangi,104
